email,url
support@ratemyagent.com,https://www.ratemyagent.com.au/real-estate-profile/sales/newcastle-nsw-2300
tony.gough@raywhite.com,https://raywhitenewcastle.com.au/
support@ratemyagent.com,https://www.ratemyagent.com.au/real-estate-profile/sales/newcastle-nsw-2300/agents
seanredpath@mcgrath.com,https://www.mcgrath.com.au/offices/102-newcastle-city
info@billshepherd.com,https://www.yellowpages.com.au/find/real-estate-agents/newcastle-region-nsw
sydney@burgessrawson.com,https://www.realcommercial.com.au/find-agent/in-newcastle%2C+nsw+2300/list-1
sales@loverealty.com,https://www.loverealty.com.au/
mail@arnoldproperty.com,https://arnoldproperty.com.au/
sales@reecerealty.com,http://www.reecerealty.com.au/
newcastle@harcourts.com,https://newcastle.harcourts.com.au/
strata@russellproperty.com,https://www.localsearch.com.au/find/real-estate-agents/newcastle-nsw
mail@chapmanproperty.com,https://chapmanproperty.com.au/
danhawkins@stonerealestate.com,https://www.stonerealestate.com.au/stone-newcastle/
whitebridge@street.net,https://street.net.au/
office@eldersnewcastlelakemac.com,https://lambton.eldersrealestate.com.au/
newcastle@belleproperty.com,https://www.belleproperty.com/newcastle/
admin@youragency.net,https://www.youragency.net.au/
newcastlecentral@lsre.com,https://lsre.com.au/newcastle-central/
jessew@prdnewcastle.com,https://www.openagent.com.au/real-estate-agents/nsw/newcastle-2300
newcastle@theagency.com,https://theagency.com.au/office/501/newcastle
mail@arnoldproperty.com,https://www.chrisarnoldrealestate.com.au/
hamilton@ljh.com,https://hamilton.ljhooker.com.au/
mail@apnewcastle.com,https://www.apnewcastle.com.au/
help@newcastlebuyersagent.com,https://www.newcastlebuyersagent.com.au/
